Rule	Support	Head Coverage	Confidence	PCA Confidence	Positive Examples	Body size	PCA Body size	Prediction variable	Std. Lower Bound	PCA Lower Bound	PCA estimation	Applicable	Hit
?a  <dealsWith>  ?f  ?b  <isLocatedIn>  ?f   => ?a  <dealsWith>  ?b	2,183E-06	0,010204082	1,077E-06	1,077E-06	9	8355300	8355300	?a	0	0	9,00E-004	1	1
?a  <isLocatedIn>  ?f  ?f  <participatedIn>  ?b   => ?a  <participatedIn>  ?b	5,6035E-05	0,015366194	1,745E-06	1,745E-06	231	132373947	132373947	?b	0	0	0,006114360643684	1	1
?b  <isLocatedIn>  ?f  ?f  <participatedIn>  ?a   => ?a  <happenedIn>  ?b	0,000252279	0,092059839	7,857E-06	9,21E-06	1040	132373947	112921788	?a	0	0	0,032345351622984	1	1
?a  <isCitizenOf>  ?f  ?b  <isLocatedIn>  ?f   => ?a  <worksAt>  ?b	0,000228021	0,218859139	6,44E-07	1,1241E-05	940	1459324303	83620060	?a	0	0	0,043079073286562	1	1
?a  <isCitizenOf>  ?f  ?b  <isLocatedIn>  ?f   => ?a  <isPoliticianOf>  ?b	1,1644E-05	0,012803414	3,3E-08	1,257E-05	48	1459324303	3818744	?a	0	0	0,089734522468612	1	1
?a  <isCitizenOf>  ?f  ?b  <isLocatedIn>  ?f   => ?a  <graduatedFrom>  ?b	0,001019545	0,159931507	2,88E-06	1,3673E-05	4203	1459324303	307383082	?a	0	0	0,054737262559657	1	1
?b  <isLocatedIn>  ?f  ?a  <livesIn>  ?f   => ?a  <worksAt>  ?b	0,00011304	0,108498254	2,77E-06	1,6706E-05	466	168227597	27893979	?a	0	0	0,039129573257898	1	1
?a  <isCitizenOf>  ?f  ?b  <isLocatedIn>  ?f   => ?a  <livesIn>  ?b	0,000843678	0,116258858	2,383E-06	1,7623E-05	3478	1459324303	197357811	?a	0	0	0,065353070140058	1	1
?a  <isCitizenOf>  ?f  ?b  <isLocatedIn>  ?f   => ?a  <wasBornIn>  ?b	0,002873551	0,07332442	8,117E-06	1,8721E-05	11846	1459324303	632776464	?a	0	0	0,072829722943101	1	1
?b  <isLocatedIn>  ?f  ?a  <livesIn>  ?f   => ?a  <graduatedFrom>  ?b	0,000372839	0,05848554	9,136E-06	2,0285E-05	1537	168227597	75769866	?a	0	0	0,019930081548434	1	1
?a  <isCitizenOf>  ?f  ?b  <isLocatedIn>  ?f   => ?a  <diedIn>  ?b	0,000856534	0,078430066	2,42E-06	2,1687E-05	3531	1459324303	162819424	?a	0	0	0,063680028737196	1	1
?b  <isLocatedIn>  ?f  ?a  <livesIn>  ?f   => ?a  <wasBornIn>  ?b	0,000395883	0,01010176	9,701E-06	2,7008E-05	1632	168227597	60426567	?a	0	0	0,015631530632549	1	1
?a  <isCitizenOf>  ?f  ?b  <isCitizenOf>  ?f   => ?a  <isMarriedTo>  ?b	6,8891E-05	0,011953868	8,56E-07	2,7627E-05	284	331740329	10279827	?b	0,006543628027004	0,242320819112628	0,001668837853442	1	1
?b  <isLocatedIn>  ?f  ?a  <livesIn>  ?f   => ?a  <livesIn>  ?b	0,00134872	0,185853724	3,305E-05	3,305E-05	5560	168227597	168227597	?a	0	0	0,021380943780564	1	1
?b  <isCitizenOf>  ?f  ?a  <livesIn>  ?f   => ?a  <hasAcademicAdvisor>  ?b	3,954E-05	0,056303972	4,61E-06	3,3725E-05	163	35355416	4833269	?a	0	0	0,049107946494716	1	1
?a  <isLocatedIn>  ?f  ?b  <isLocatedIn>  ?f   => ?a  <owns>  ?b	0,0005048	0,090278079	2,54E-07	3,4423E-05	2081	8208084034	60454522	?b	0,003252934831882	0,158431671107727	0,007513173432884	1	1
?b  <happenedIn>  ?f  ?a  <isLocatedIn>  ?f   => ?a  <participatedIn>  ?b	8,8783E-05	0,024346438	3,0507E-05	3,7088E-05	366	11997288	9868289	?b	0	0	0,006144015943742	1	1
?b  <isLocatedIn>  ?f  ?a  <livesIn>  ?f   => ?a  <diedIn>  ?b	0,000123471	0,011305835	3,026E-06	3,7587E-05	509	168227597	13541873	?a	0	0	0,031262521251058	1	1
?a  <isLocatedIn>  ?f  ?b  <isLocatedIn>  ?f   => ?a  <isLocatedIn>  ?b	0,094706612	0,330706627	4,7565E-05	4,7565E-05	390421	8208084034	8208084034	?a	0,610290278711331	0,610290278711331	0,028941288546048	1	1
?a  <isCitizenOf>  ?f  ?b  <isCitizenOf>  ?f   => ?a  <hasChild>  ?b	5,458E-05	0,015016017	6,78E-07	4,9124E-05	225	331740329	4580286	?b	0,005184212345338	0,378787878787879	0,002608672060705	1	1
?a  <isCitizenOf>  ?f  ?b  <isCitizenOf>  ?f   => ?a  <hasAcademicAdvisor>  ?b	0,000118619	0,168911917	1,474E-06	5,2975E-05	489	331740329	9230831	?a	0,011267021497201	0,354604786076867	0,002442125658802	1	1
?a  <isCitizenOf>  ?f  ?b  <isCitizenOf>  ?f   => ?a  <influences>  ?b	0,000238937	0,042550434	2,969E-06	5,3355E-05	985	331740329	18461368	?b	0,0226953296007	0,462224307836696	0,003183289923349	1	1
?a  <isCitizenOf>  ?f  ?b  <isLocatedIn>  ?f   => ?a  <isLeaderOf>  ?b	0,00020061	0,08378926	5,67E-07	5,5546E-05	827	1459324303	14888569	?a	0	0	0,135663419368162	1	1
?a  <wasBornIn>  ?f  ?b  <wasBornIn>  ?f   => ?a  <hasAcademicAdvisor>  ?b	8,005E-06	0,011398964	6,8E-07	7,4473E-05	33	48508522	443111	?a	2,04E-004	0,031791907514451	0,002557623498758	1	1
?a  <isAffiliatedTo>  ?f  ?b  <isAffiliatedTo>  ?f   => ?a  <isMarriedTo>  ?b	0,00012808	0,022224093	2,966E-06	8,4851E-05	528	178017488	6222663	?b	0,003821379460085	0,272445820433436	0,011531061342996	1	1
?a  <wasBornIn>  ?f  ?b  <wasBornIn>  ?f   => ?a  <isMarriedTo>  ?b	7,4956E-05	0,013006145	6,37E-06	0,000117357	309	48508522	2633001	?b	0,001913691877028	0,04944	0,00397739285449	1	1
?a  <isLocatedIn>  ?f  ?b  <isLocatedIn>  ?f   => ?a  <hasCapital>  ?b	0,000116194	0,262897914	5,8E-08	0,000129635	479	8208084034	3694983	?a	7,49E-004	0,610969387755102	0,02897349336968	1	1
?a  <isAffiliatedTo>  ?f  ?b  <isAffiliatedTo>  ?f   => ?a  <hasChild>  ?b	8,1505E-05	0,022423919	1,887E-06	0,000153326	336	178017488	2191409	?b	0,002431786929145	0,538461538461538	0,022789973510938	1	1
?a  <happenedIn>  ?f  ?b  <isLocatedIn>  ?f   => ?a  <happenedIn>  ?b	0,000464532	0,16951403	0,000159619	0,000159619	1915	11997288	11997288	?a	0	0	0,027379188853242	1	1
?a  <isCitizenOf>  ?f  ?b  <livesIn>  ?f   => ?a  <hasAcademicAdvisor>  ?b	4,0995E-05	0,058376511	4,78E-06	0,00016617	169	35355416	1017029	?a	0	0	0,071303327710035	1	1
?a  <hasWonPrize>  ?f  ?b  <hasWonPrize>  ?f   => ?a  <isMarriedTo>  ?b	6,501E-05	0,011280411	7,093E-06	0,000187733	268	37781100	1427559	?b	0,006691301308299	0,135902636916836	0,004969393020757	1	1
?f  <isLocatedIn>  ?a  ?b  <isLocatedIn>  ?f   => ?a  <hasCapital>  ?b	2,2802E-05	0,051591658	7,1131E-05	0,000200647	94	1321499	468485	?a	0	0	0,006739439625265	1	1
?b  <isLocatedIn>  ?f  ?a  <isPoliticianOf>  ?f   => ?a  <graduatedFrom>  ?b	6,8164E-05	0,010692542	3,9356E-05	0,000235683	281	7139885	1192278	?a	0	0	0,040648730794683	1	1
?b  <diedIn>  ?f  ?a  <wasBornIn>  ?f   => ?a  <hasAcademicAdvisor>  ?b	1,3099E-05	0,01865285	2,902E-06	0,000241577	54	18608440	223531	?a	0	0	0,017707875405351	1	1
?a  <livesIn>  ?f  ?b  <livesIn>  ?f   => ?a  <hasAcademicAdvisor>  ?b	3,7114E-05	0,052849741	2,9968E-05	0,000281341	153	5105518	543824	?a	0,00710636321412	0,221098265895954	0,05451333096833	1	1
?b  <isLocatedIn>  ?f  ?a  <livesIn>  ?f   => ?a  <isLeaderOf>  ?b	0,000298368	0,124620061	7,312E-06	0,000290122	1230	168227597	4239600	?a	0	0	0,100232257814272	1	1
?b  <isLocatedIn>  ?f  ?a  <wasBornIn>  ?f   => ?a  <worksAt>  ?b	2,7654E-05	0,026542491	4,089E-06	0,000301061	114	27883025	378661	?a	0	0	0,011793541008583	1	1
?b  <isConnectedTo>  ?f  ?a  <isLocatedIn>  ?f   => ?a  <isConnectedTo>  ?b	9,9699E-05	0,014144126	0,000288493	0,000341543	411	1424646	1203362	?b	0	0	0,004922302642286	1	1
?b  <graduatedFrom>  ?f  ?a  <worksAt>  ?f   => ?a  <hasAcademicAdvisor>  ?b	1,4797E-05	0,021070812	0,000142723	0,000398474	61	427401	153084	?a	0	0	0,010763933100102	1	1
?a  <wasBornIn>  ?f  ?b  <wasBornIn>  ?f   => ?a  <hasChild>  ?b	0,000127595	0,035104111	1,0843E-05	0,000398534	526	48508522	1319838	?b	0,003257611415265	0,196782641227086	0,015830943994828	1	1
?b  <isLocatedIn>  ?f  ?a  <isPoliticianOf>  ?f   => ?a  <diedIn>  ?b	0,00021759	0,019924035	0,000125632	0,000403771	897	7139885	2221558	?a	0	0	0,069959367829872	1	1
?a  <diedIn>  ?f  ?b  <diedIn>  ?f   => ?a  <hasAcademicAdvisor>  ?b	2,3045E-05	0,032815199	9,386E-06	0,000502	95	10121266	189243	?a	0,002110267004309	0,147286821705426	0,017401181774087	1	1
?a  <diedIn>  ?f  ?b  <isLocatedIn>  ?f   => ?a  <graduatedFrom>  ?b	0,000116921	0,018340944	4,1593E-05	0,000524629	482	11588480	918745	?a	0	0	0,015394659765341	1	1
?a  <diedIn>  ?f  ?b  <diedIn>  ?f   => ?a  <influences>  ?b	5,9916E-05	0,010670007	2,4404E-05	0,000533211	247	10121266	463231	?b	0,005486694211204	0,167004732927654	0,0197307517479	1	1
?a  <diedIn>  ?f  ?b  <diedIn>  ?f   => ?a  <hasChild>  ?b	5,6763E-05	0,015616658	2,312E-05	0,000556029	234	10121266	420841	?b	0,005197920831667	0,137002341920375	0,016186123290786	1	1
?a  <diedIn>  ?f  ?b  <diedIn>  ?f   => ?a  <isMarriedTo>  ?b	0,000112555	0,019530263	4,5844E-05	0,000561245	464	10121266	826734	?b	0,010306988315785	0,160498097544102	0,01896202618416	1	1
?a  <isLeaderOf>  ?f  ?b  <isLocatedIn>  ?f   => ?a  <isLeaderOf>  ?b	0,000170288	0,07112462	0,000575081	0,000575081	702	1220697	1220697	?a	0	0	0,014050584520603	1	1
?b  <isLocatedIn>  ?f  ?a  <wasBornIn>  ?f   => ?a  <isLeaderOf>  ?b	3,8084E-05	0,015906788	5,631E-06	0,000629549	157	27883025	249385	?a	0	0	0,016264215976814	1	1
?f  <influences>  ?a  ?b  <influences>  ?f   => ?a  <isInterestedIn>  ?b	1,455E-06	0,019047619	5,303E-05	0,000630583	6	113144	9515	?a	0	0	0,034759260145756	1	1
?b  <isLocatedIn>  ?f  ?a  <wasBornIn>  ?f   => ?a  <graduatedFrom>  ?b	0,000384482	0,060312024	5,6845E-05	0,000802543	1585	27883025	1974971	?a	0	0	0,023057521344234	1	1
?a  <diedIn>  ?f  ?b  <wasBornIn>  ?f   => ?a  <hasChild>  ?b	0,000131476	0,036171917	2,9127E-05	0,000810985	542	18608440	668323	?b	0	0	0,06901927277957	1	1
?a  <graduatedFrom>  ?f  ?b  <graduatedFrom>  ?f   => ?a  <hasAcademicAdvisor>  ?b	5,6278E-05	0,080138169	9,1896E-05	0,000840802	232	2524589	275927	?a	0,008831030413764	0,133103843947217	0,014576592955864	1	1
?a  <hasWonPrize>  ?f  ?b  <hasWonPrize>  ?f   => ?a  <influences>  ?b	0,00012153	0,021642404	1,3261E-05	0,001067088	501	37781100	469502	?b	0,012508738639768	0,388975155279503	0,014223200268561	1	1
?a  <hasWonPrize>  ?f  ?b  <hasWonPrize>  ?f   => ?a  <hasAcademicAdvisor>  ?b	4,051E-05	0,057685665	4,42E-06	0,001106811	167	37781100	150884	?a	0,004169579546589	0,207196029776675	0,007576295262989	1	1
?a  <diedIn>  ?f  ?b  <isLocatedIn>  ?f   => ?a  <worksAt>  ?b	5,6763E-05	0,054481956	2,0192E-05	0,001310939	234	11588480	178498	?a	0	0	0,036687411861247	1	1
?b  <isLocatedIn>  ?a   => ?a  <hasCapital>  ?b	0,000140694	0,318331504	0,00049129	0,001478841	580	1180566	392199	?a	0	0	0	0	0
?e  <influences>  ?a  ?e  <influences>  ?b   => ?a  <isKnownFor>  ?b	1,213E-06	0,012658228	1,4236E-05	0,002025932	5	351229	2468	?b	5,81E-004	0,454545454545455	0,146305161424605	1	1
?e  <influences>  ?a  ?e  <isKnownFor>  ?b   => ?a  <isKnownFor>  ?b	2,668E-06	0,027848101	0,002400175	0,002400175	11	4583	4583	?b	0	0	0,035162820361658	1	1
?a  <influences>  ?f  ?b  <influences>  ?f   => ?a  <isKnownFor>  ?b	9,7E-07	0,010126582	3,6615E-05	0,0025	4	109245	1600	?b	5,37E-004	0,285714285714286	0,106231062125485	1	1
?a  <isLocatedIn>  ?f  ?b  <isLocatedIn>  ?f   => ?a  <dealsWith>  ?b	0,000109402	0,511337868	5,5E-08	0,002599334	451	8208084034	173506	?a	7,05E-004	3,608	0,17109918462839	1	1
?a  <worksAt>  ?f  ?b  <worksAt>  ?f   => ?a  <hasAcademicAdvisor>  ?b	2,7411E-05	0,039032815	0,001044913	0,002986495	113	108143	37837	?a	0,026309662398137	0,098175499565595	0,026698249940073	1	1
?b  <dealsWith>  ?f  ?f  <participatedIn>  ?a   => ?a  <happenedIn>  ?b	0,000108189	0,039479508	0,002880058	0,003393545	446	154858	131426	?a	0	0	0,632184493839141	1	1
?a  <influences>  ?f  ?f  <isKnownFor>  ?b   => ?a  <isKnownFor>  ?b	2,426E-06	0,025316456	0,00392773	0,00392773	10	2546	2546	?b	0	0	0,040002465727927	1	1
?a  <dealsWith>  ?f  ?b  <happenedIn>  ?f   => ?a  <participatedIn>  ?b	5,1183E-05	0,014035788	0,004499414	0,005080787	211	46895	41529	?b	0	0	0,895611435412385	1	1
?a  <graduatedFrom>  ?f  ?b  <worksAt>  ?f   => ?a  <hasAcademicAdvisor>  ?b	7,5198E-05	0,107081174	0,000725314	0,005115258	310	427401	60603	?a	0	0	0,220874441832967	1	1
?a  <actedIn>  ?f  ?b  <actedIn>  ?f   => ?a  <isMarriedTo>  ?b	0,000163496	0,028369391	0,001699488	0,005864388	674	396590	114931	?b	0,025977029214523	0,160629170638704	0,051850966278466	1	1
?f  <happenedIn>  ?b  ?a  <participatedIn>  ?f   => ?a  <hasCapital>  ?b	1,2371E-05	0,027991218	0,00336945	0,006717597	51	15136	7592	?a	0	0	0,026208930206638	1	1
?b  <influences>  ?a   => ?a  <isInterestedIn>  ?b	1,941E-06	0,025396825	0,000345587	0,007011394	8	23149	1141	?a	0	0	0	0	0
?e  <isLocatedIn>  ?a  ?e  <isLocatedIn>  ?b   => ?a  <hasCapital>  ?b	7,8594E-05	0,177826564	0,001463752	0,007451188	324	221349	43483	?a	0,005787264445834	0,379391100702576	0,205586023019856	1	1
?a  <dealsWith>  ?f  ?f  <participatedIn>  ?b   => ?a  <participatedIn>  ?b	0,000282601	0,077496175	0,007523021	0,007523021	1165	154858	154858	?b	0	0	1,40538540756395	1	1
?e  <dealsWith>  ?b  ?a  <happenedIn>  ?e   => ?a  <happenedIn>  ?b	2,8381E-05	0,010356732	0,008031853	0,008031853	117	14567	14567	?a	0	0	0,471973366916874	1	1
?e  <isKnownFor>  ?a  ?e  <isKnownFor>  ?b   => ?a  <isKnownFor>  ?b	1,941E-06	0,020253165	0,009615385	0,009615385	8	832	832	?b	0,022857142857143	0,022857142857143	0,015276672694394	1	1
?f  <isLocatedIn>  ?a  ?b  <isLocatedIn>  ?f   => ?a  <owns>  ?b	8,0293E-05	0,014359464	0,000250473	0,01029581	331	1321499	32149	?b	0	0	0,201466012327319	1	1
?a  <isPoliticianOf>  ?f  ?b  <isPoliticianOf>  ?f   => ?a  <holdsPoliticalPosition>  ?b	0,000235541	0,184635862	0,002822592	0,010735213	971	344010	90450	?a	0,261584051724138	0,986788617886179	0,01316069108944	1	1
?a  <actedIn>  ?b   => ?a  <directed>  ?b	0,000252521	0,026230913	0,008632413	0,011278073	1041	120592	92303	?b	0	0	0	0	0
?e  <actedIn>  ?b  ?e  <isMarriedTo>  ?a   => ?a  <directed>  ?b	0,000114253	0,011868165	0,009899533	0,011768821	471	47578	40021	?b	0	0	0,032671156719328	1	1
?f  <actedIn>  ?b  ?a  <isMarriedTo>  ?f   => ?a  <directed>  ?b	0,000114253	0,011868165	0,009905988	0,011776472	471	47547	39995	?b	0	0	0,032685083908631	1	1
?a  <influences>  ?f  ?f  <isKnownFor>  ?b   => ?a  <isInterestedIn>  ?b	9,7E-07	0,012698413	0,001571092	0,012987013	4	2546	308	?a	0	0	0,370157739672832	1	1
?a  <created>  ?b   => ?a  <edited>  ?b	1,7951E-05	0,013005272	0,000283414	0,013023583	74	261102	5682	?b	0	0	0	0	0
?e  <influences>  ?a  ?e  <influences>  ?b   => ?a  <influences>  ?b	0,001207784	0,215084885	0,014175936	0,014175936	4979	351229	351229	?b	0,578482630417102	0,578482630417102	0,18619698817391	1	1
?e  <dealsWith>  ?b  ?e  <participatedIn>  ?a   => ?a  <happenedIn>  ?b	4,803E-05	0,017526777	0,011726384	0,014300159	198	16885	13846	?a	0	0	0,321648249296719	1	1
?b  <influences>  ?a   => ?a  <influences>  ?b	5,9674E-05	0,010626809	0,010626809	0,0149936	246	23149	16407	?b	0	0	0	0	0
?e  <isLocatedIn>  ?a  ?e  <isLocatedIn>  ?b   => ?a  <dealsWith>  ?b	5,1911E-05	0,242630385	0,000966799	0,01610718	214	221349	13286	?a	0,003822452442619	1,64615384615385	0,892024672911129	1	1
?a  <directed>  ?b   => ?a  <wroteMusicFor>  ?b	6,7436E-05	0,01242236	0,007004989	0,017881263	278	39686	15547	?b	0	0	0	0	0
?e  <isConnectedTo>  ?a  ?e  <isConnectedTo>  ?b   => ?a  <isConnectedTo>  ?b	0,00291115	0,413001583	0,018498765	0,018498765	12001	648746	648746	?b	2,99875062468766	2,99875062468766	0,277398364621117	1	1
?e  <isCitizenOf>  ?a  ?e  <wasBornIn>  ?b   => ?a  <hasCapital>  ?b	2,2802E-05	0,051591658	0,019001415	0,020289229	94	4947	4633	?a	0	0	0,093761622055971	1	1
?a  <hasOfficialLanguage>  ?f  ?b  <hasOfficialLanguage>  ?f   => ?a  <dealsWith>  ?b	1,8436E-05	0,0861678	0,002737161	0,020936639	76	27766	3630	?a	0,1484375	0,826086956521739	0,201597658393804	1	1
?e  <happenedIn>  ?a  ?e  <happenedIn>  ?b   => ?a  <hasCapital>  ?b	2,0134E-05	0,045554336	0,005446552	0,021497021	83	15239	3861	?a	0,016730497883491	0,213917525773196	0,128441407216039	1	1
?e  <dealsWith>  ?a  ?e  <hasCurrency>  ?b   => ?a  <hasCurrency>  ?b	2,911E-06	0,023668639	0,01659751	0,021505376	12	723	558	?a	0	0	0,03783389425514	1	1
?e  <isLocatedIn>  ?a  ?e  <participatedIn>  ?b   => ?a  <participatedIn>  ?b	4,9485E-05	0,013570146	0,023960536	0,023960536	204	8514	8514	?b	0	0	0,357983956270928	1	1
?b  <influences>  ?f  ?a  <isInterestedIn>  ?f   => ?a  <isInterestedIn>  ?b	9,7E-07	0,012698413	0,024096386	0,024096386	4	166	166	?a	0	0	0,171508999209979	1	1
?a  <created>  ?f  ?b  <created>  ?f   => ?a  <isMarriedTo>  ?b	6,8891E-05	0,011953868	0,00148918	0,024354687	284	190709	11661	?b	0,004381566564327	0,107575757575758	0,08439750005977	1	1
?e  <influences>  ?a  ?e  <isInterestedIn>  ?b   => ?a  <isKnownFor>  ?b	9,7E-07	0,010126582	0,003731343	0,024390244	4	1072	164	?b	0	0	0,19167104190922	1	1
?a  <isLeaderOf>  ?f  ?f  <isLocatedIn>  ?b   => ?a  <isLeaderOf>  ?b	6,7679E-05	0,028267477	0,024953045	0,024953045	279	11181	11181	?a	0	0	0,400929313453515	1	1
?e  <isCitizenOf>  ?a  ?e  <livesIn>  ?b   => ?a  <hasCapital>  ?b	1,7465E-05	0,039517014	0,027639155	0,028742515	72	2605	2505	?a	0	0	0,051571411352748	1	1
?a  <directed>  ?b   => ?a  <edited>  ?b	3,5901E-05	0,026010545	0,003729275	0,028788174	148	39686	5141	?b	0	0	0	0	0
?a  <influences>  ?f  ?f  <isInterestedIn>  ?b   => ?a  <isKnownFor>  ?b	1,698E-06	0,017721519	0,006183746	0,029411765	7	1132	238	?b	0	0	0,280035626700504	1	1
?e  <influences>  ?a  ?e  <isKnownFor>  ?b   => ?a  <isInterestedIn>  ?b	5,822E-06	0,076190476	0,005236744	0,029850746	24	4583	804	?a	0	0	1,4817027068075	1	1
?a  <dealsWith>  ?f  ?f  <hasCurrency>  ?b   => ?a  <hasCurrency>  ?b	4,124E-06	0,033530572	0,026033691	0,029982363	17	653	567	?a	0	0	0,053598016861449	1	1
?f  <isConnectedTo>  ?a  ?b  <isConnectedTo>  ?f   => ?a  <isConnectedTo>  ?b	0,001526528	0,216566866	0,029006416	0,030060283	6293	216952	209346	?b	0	0	0,649631547830049	1	1
?f  <happenedIn>  ?b  ?a  <participatedIn>  ?f   => ?a  <dealsWith>  ?b	1,7223E-05	0,080498866	0,004690803	0,031113059	71	15136	2282	?a	0	0	0,147993764960113	1	1
?a  <isConnectedTo>  ?f  ?b  <isConnectedTo>  ?f   => ?a  <isConnectedTo>  ?b	0,001658489	0,235288045	0,025236605	0,031461098	6837	270916	217316	?b	2,54352678571429	4,40528350515464	0,606715692326687	1	1
?a  <influences>  ?b   => ?a  <isKnownFor>  ?b	9,7E-07	0,010126582	0,000172794	0,034188034	4	23149	117	?b	0	0	0	0	0
?e  <livesIn>  ?a  ?e  <wasBornIn>  ?b   => ?a  <hasCapital>  ?b	1,8678E-05	0,042261251	0,008289375	0,035337311	77	9289	2179	?a	0	0	2,49984375365147	1	1
?e  <dealsWith>  ?a  ?e  <exports>  ?b   => ?a  <imports>  ?b	1,3342E-05	0,141025641	0,028720627	0,037619699	55	1915	1462	?a	0	0	0,094311400403355	1	1
?a  <happenedIn>  ?e  ?e  <hasCapital>  ?b   => ?a  <happenedIn>  ?b	3,8084E-05	0,013897495	0,039035306	0,039035306	157	4022	4022	?a	0	0	0,219052373711636	1	1
?e  <livesIn>  ?a  ?e  <livesIn>  ?b   => ?a  <hasCapital>  ?b	3,5173E-05	0,079582876	0,00810962	0,039868023	145	17880	3637	?a	0,019658351409978	0,617021276595745	0,444058967947131	1	1
?e  <dealsWith>  ?a  ?b  <happenedIn>  ?e   => ?a  <participatedIn>  ?b	0,000126139	0,034590567	0,035697124	0,040204113	520	14567	12934	?b	0	0	2,46294335606497	1	1
?e  <happenedIn>  ?a  ?e  <happenedIn>  ?b   => ?a  <dealsWith>  ?b	1,9163E-05	0,089569161	0,005184067	0,040784719	79	15239	1937	?a	0,015924208828865	0,681034482758621	0,40891005546178	1	1
?e  <diedIn>  ?b  ?e  <isCitizenOf>  ?a   => ?a  <hasCapital>  ?b	1,8193E-05	0,041163557	0,038481272	0,041006014	75	1949	1829	?a	0	0	0,149499584221872	1	1
?a  <imports>  ?f  ?b  <imports>  ?f   => ?a  <dealsWith>  ?b	6,4768E-05	0,302721088	0,032438343	0,042815908	267	8231	6236	?a	1,8936170212766	2,61764705882353	0,416138763197587	1	1
?f  <influences>  ?b  ?a  <influences>  ?f   => ?a  <influences>  ?b	0,001176977	0,209598687	0,042883405	0,042883405	4852	113144	113144	?b	0	0	0,610702741034188	1	1
?e  <isLocatedIn>  ?b  ?e  <participatedIn>  ?a   => ?a  <happenedIn>  ?b	7,3986E-05	0,026998318	0,03582335	0,042903362	305	8514	7109	?a	0	0	0,628887121704692	1	1
?a  <dealsWith>  ?f  ?b  <dealsWith>  ?f   => ?a  <dealsWith>  ?b	0,00012711	0,594104308	0,04326288	0,04326288	524	12112	12112	?a	4,03076923076923	4,03076923076923	0,557544043258329	1	1
?f  <isLocatedIn>  ?b  ?a  <wasBornIn>  ?f   => ?a  <isLeaderOf>  ?b	3,8327E-05	0,016008105	0,000383478	0,043454345	158	412018	3636	?a	0	0	1,27207717043948	1	1
?a  <created>  ?b   => ?a  <actedIn>  ?b	0,000309284	0,010572841	0,004883149	0,043935217	1275	261102	29020	?b	0	0	0	0	0
?a  <influences>  ?f  ?b  <influences>  ?f   => ?a  <influences>  ?b	0,000854594	0,152187999	0,032248615	0,046521148	3523	109245	75729	?b	0,472822439940947	1,1926201760325	0,443426578042754	1	1
?b  <isLocatedIn>  ?a   => ?a  <owns>  ?b	0,000172714	0,030888031	0,000603101	0,048713738	712	1180566	14616	?b	0	0	0	0	0
?a  <exports>  ?f  ?b  <imports>  ?f   => ?a  <dealsWith>  ?b	3,1292E-05	0,146258503	0,037521815	0,049444232	129	3438	2609	?a	0	0	0,496079557437657	1	1
?a  <hasCurrency>  ?f  ?b  <hasCurrency>  ?f   => ?a  <dealsWith>  ?b	4,852E-06	0,022675737	0,010787487	0,052493438	20	1854	381	?a	0,03968253968254	0,181818181818182	0,099695176618254	1	1
?a  <exports>  ?f  ?b  <exports>  ?f   => ?a  <dealsWith>  ?b	3,9782E-05	0,185941043	0,040684694	0,054794521	164	4031	2993	?a	1,17985611510791	1,62376237623762	0,495289736945965	1	1
?e  <dealsWith>  ?a  ?e  <exports>  ?b   => ?a  <exports>  ?b	2,5713E-05	0,183708839	0,05535248	0,05535248	106	1915	1915	?b	0	0	0,269405836512281	1	1
?e  <happenedIn>  ?a  ?b  <participatedIn>  ?e   => ?a  <dealsWith>  ?b	3,4446E-05	0,160997732	0,009381607	0,056148675	142	15136	2529	?a	0	0	2,05293541871481	1	1
?a  <dealsWith>  ?f  ?f  <imports>  ?b   => ?a  <exports>  ?b	1,9649E-05	0,140381282	0,051559516	0,056328234	81	1571	1438	?b	0	0	0,432905000721605	1	1
?e  <isConnectedTo>  ?b  ?a  <isConnectedTo>  ?e   => ?a  <isConnectedTo>  ?b	0,002967913	0,421054443	0,056394963	0,056394963	12235	216952	216952	?b	0	0	1,08573445891722	1	1
?f  <dealsWith>  ?a  ?b  <dealsWith>  ?f   => ?a  <dealsWith>  ?b	1,9163E-05	0,089569161	0,039244908	0,056998557	79	2013	1386	?a	0	0	0,219123503006287	1	1
?a  <isAffiliatedTo>  ?f  ?f  <isLocatedIn>  ?b   => ?a  <isLeaderOf>  ?b	3,8084E-05	0,015906788	0,002411415	0,058083611	157	65107	2703	?a	0	0	1,642321003206	1	1
?a  <dealsWith>  ?f  ?f  <exports>  ?b   => ?a  <exports>  ?b	2,9594E-05	0,211438475	0,058457115	0,058457115	122	2087	2087	?b	0	0	0,336357753925493	1	1
?f  <hasCapital>  ?b  ?a  <isLocatedIn>  ?f   => ?a  <hasCapital>  ?b	5,094E-06	0,011525796	5,3638E-05	0,061046512	21	391510	344	?a	0	0	1,17299842323393	1	1
?a  <isAffiliatedTo>  ?f  ?f  <isLocatedIn>  ?b   => ?a  <livesIn>  ?b	0,000167377	0,023064581	0,010597939	0,062201388	690	65107	11093	?a	0	0	2,6042440070526	1	1
?e  <isCitizenOf>  ?a  ?e  <livesIn>  ?b   => ?a  <dealsWith>  ?b	1,5767E-05	0,073696145	0,024952015	0,062862669	65	2605	1034	?a	0	0	0,089623233965453	1	1
?e  <hasCapital>  ?b  ?e  <isLocatedIn>  ?a   => ?a  <hasCapital>  ?b	5,094E-06	0,011525796	0,02297593	0,062874251	21	914	334	?a	0	0	1,17299842323393	1	1
?a  <created>  ?b  ?a  <directed>  ?b   => ?a  <edited>  ?b	1,6495E-05	0,011950791	0,007350557	0,064823642	68	9251	1049	?b	0	0	0	0	0
?e  <livesIn>  ?a  ?e  <livesIn>  ?b   => ?a  <dealsWith>  ?b	2,0134E-05	0,094104308	0,004642058	0,064996085	83	17880	1277	?a	0,011252711496746	0,864583333333333	0,622224868520747	1	1
?a  <isAffiliatedTo>  ?b   => ?a  <isLeaderOf>  ?b	5,0698E-05	0,021175279	0,000497792	0,065435191	209	419854	3194	?a	0	0	0	0	0
?a  <graduatedFrom>  ?f  ?f  <isLocatedIn>  ?b   => ?a  <diedIn>  ?b	0,000116921	0,010706115	0,0084904	0,06561394	482	56770	7346	?a	0	0	1,80326125966335	1	1
?e  <dealsWith>  ?a  ?e  <participatedIn>  ?b   => ?a  <participatedIn>  ?b	0,000270957	0,0743032	0,066153391	0,066153391	1117	16885	16885	?b	0	0	1,5442930206016	1	1
?a  <participatedIn>  ?f  ?b  <participatedIn>  ?f   => ?a  <dealsWith>  ?b	9,1936E-05	0,429705215	0,013413555	0,070590427	379	28255	5369	?a	0,181600383325347	3,54205607476635	1,59937980679266	1	1
?e  <diedIn>  ?b  ?e  <isPoliticianOf>  ?a   => ?a  <hasCapital>  ?b	6,307E-06	0,014270033	0,041467305	0,073239437	26	627	355	?a	0	0	0,326856233831839	1	1
?e  <dealsWith>  ?a  ?e  <imports>  ?b   => ?a  <exports>  ?b	1,5767E-05	0,112651646	0,067708333	0,074798619	65	960	869	?b	0	0	0,317103959069967	1	1
?a  <dealsWith>  ?f  ?f  <exports>  ?b   => ?a  <imports>  ?b	3,0322E-05	0,320512821	0,059894586	0,075483092	125	2087	1656	?a	0	0	0,212242679160849	1	1
?b  <exports>  ?f  ?a  <imports>  ?f   => ?a  <dealsWith>  ?b	4,803E-05	0,224489796	0,057591623	0,076952973	198	3438	2573	?a	0	0	1,14780429050425	1	1
?f  <isLocatedIn>  ?b  ?a  <wasBornIn>  ?f   => ?a  <livesIn>  ?b	0,000415289	0,057226902	0,004155158	0,077051172	1712	412018	22219	?a	0	0	2,32967634326925	1	1
?b  <participatedIn>  ?a   => ?a  <happenedIn>  ?b	0,000237724	0,086748694	0,065189916	0,07824976	980	15033	12524	?a	0	0	0	0	0
?a  <created>  ?b   => ?a  <wroteMusicFor>  ?b	0,000309041	0,05692837	0,004879319	0,079466068	1274	261102	16032	?b	0	0	0	0	0
?b  <happenedIn>  ?f  ?f  <isLocatedIn>  ?a   => ?a  <participatedIn>  ?b	0,000215892	0,059203087	0,070916335	0,083599474	890	12550	10646	?b	0	0	1,44854509112393	1	1
?a  <isAffiliatedTo>  ?f  ?f  <isLocatedIn>  ?b   => ?a  <diedIn>  ?b	0,000151125	0,013837987	0,009568864	0,084912089	623	65107	7337	?a	0	0	2,916016407262	1	1
?b  <hasCapital>  ?f  ?a  <wasBornIn>  ?f   => ?a  <livesIn>  ?b	8,6114E-05	0,01186656	0,003516558	0,086165049	355	100951	4120	?a	0	0	0,77140648953296	1	1
?a  <graduatedFrom>  ?f  ?f  <isLocatedIn>  ?b   => ?a  <isLeaderOf>  ?b	4,9728E-05	0,02077001	0,003611062	0,089833479	205	56770	2282	?a	0	0	2,38099108755556	1	1
?a  <dealsWith>  ?f  ?f  <hasOfficialLanguage>  ?b   => ?a  <hasOfficialLanguage>  ?b	1,1886E-05	0,068723703	0,067400275	0,090740741	49	727	540	?a	0	0	0,316645672170157	1	1
?f  <graduatedFrom>  ?b  ?a  <hasAcademicAdvisor>  ?f   => ?a  <worksAt>  ?b	1,4797E-05	0,014202561	0,038461538	0,09077381	61	1586	672	?a	0	0	0,983318040937206	1	1
?e  <isConnectedTo>  ?a  ?e  <isLocatedIn>  ?b   => ?a  <isConnectedTo>  ?b	9,9699E-05	0,014144126	0,027976312	0,091864104	411	14691	4474	?b	0	0	4,56729436877026	1	1
?e  <dealsWith>  ?a  ?e  <hasOfficialLanguage>  ?b   => ?a  <hasOfficialLanguage>  ?b	1,0673E-05	0,06171108	0,064801178	0,093617021	44	679	470	?a	0	0	0,284334889295651	1	1
?b  <happenedIn>  ?a   => ?a  <participatedIn>  ?b	0,000237724	0,065189916	0,086748694	0,101491301	980	11297	9656	?b	0	0	0	0	0
?e  <diedIn>  ?b  ?e  <livesIn>  ?a   => ?a  <hasCapital>  ?b	1,1158E-05	0,025246981	0,033236994	0,102449889	46	1384	449	?a	0	0	6,52405625296711	1	1
?a  <exports>  ?b   => ?a  <imports>  ?b	1,3584E-05	0,143589744	0,097053726	0,103703704	56	577	540	?a	0	0	0	0	0
?f  <isLocatedIn>  ?b  ?a  <livesIn>  ?f   => ?a  <livesIn>  ?b	0,001352116	0,186321701	0,103965382	0,103965382	5574	53614	53614	?a	0	0	2,49745027263374	1	1
?f  <hasCapital>  ?b  ?a  <isCitizenOf>  ?f   => ?a  <livesIn>  ?b	0,000133902	0,018451665	0,013129103	0,106811146	552	42044	5168	?a	0	0	0,16698075292825	1	1
?a  <happenedIn>  ?f  ?b  <hasCapital>  ?f   => ?a  <happenedIn>  ?b	3,8812E-05	0,014163052	0,118694362	0,118694362	160	1348	1348	?a	0	0	0,169633985165672	1	1
?a  <graduatedFrom>  ?f  ?f  <isLocatedIn>  ?b   => ?a  <livesIn>  ?b	0,000423294	0,058329991	0,030738066	0,118885407	1745	56770	14678	?a	0	0	3,52339567739997	1	1
?b  <influences>  ?a   => ?a  <hasAcademicAdvisor>  ?b	1,2857E-05	0,018307427	0,002289516	0,124413146	53	23149	426	?a	0	0	0	0	0
?a  <dealsWith>  ?f  ?f  <imports>  ?b   => ?a  <imports>  ?b	3,9297E-05	0,415384615	0,103119032	0,129392971	162	1571	1252	?a	0	0	0,792068991247168	1	1
?a  <wasBornIn>  ?b   => ?a  <isLeaderOf>  ?b	4,6817E-05	0,019554205	0,001194632	0,1321013	193	161556	1461	?a	0	0	0	0	0
?f  <hasCapital>  ?b  ?a  <isCitizenOf>  ?f   => ?a  <wasBornIn>  ?b	0,000501161	0,012788135	0,049138997	0,133075684	2066	42044	15525	?a	0	0	0,204483451504436	1	1
?e  <dealsWith>  ?a  ?e  <imports>  ?b   => ?a  <imports>  ?b	2,353E-05	0,248717949	0,101041667	0,133977901	97	960	724	?a	0	0	0,474263531796144	1	1
?a  <happenedIn>  ?f  ?f  <isLocatedIn>  ?b   => ?a  <happenedIn>  ?b	0,000441245	0,161016199	0,144940239	0,144940239	1819	12550	12550	?a	0	0	2,52147845479501	1	1
?e  <hasCapital>  ?b  ?a  <livesIn>  ?e   => ?a  <livesIn>  ?b	0,000333541	0,045962027	0,145764868	0,145764868	1375	9433	9433	?a	0	0	1,77838652071326	1	1
?a  <diedIn>  ?f  ?f  <isLocatedIn>  ?b   => ?a  <livesIn>  ?b	0,000129778	0,017883407	0,004515606	0,14898357	535	118478	3591	?a	0	0	4,67546108534428	1	1
?a  <imports>  ?b   => ?a  <exports>  ?b	1,3584E-05	0,097053726	0,143589744	0,152588556	56	390	367	?b	0	0	0	0	0
?b  <hasCapital>  ?f  ?a  <livesIn>  ?f   => ?a  <livesIn>  ?b	0,00033621	0,046329723	0,15971422	0,15971422	1386	8678	8678	?a	0	0	0,783075097388728	1	1
?a  <influences>  ?f  ?f  <isInterestedIn>  ?b   => ?a  <isInterestedIn>  ?b	6,55E-06	0,085714286	0,02385159	0,159763314	27	1132	169	?a	0	0	5,73544368392418	1	1
?a  <livesIn>  ?b   => ?a  <wasBornIn>  ?b	0,00046429	0,011847285	0,063979142	0,16097561	1914	29916	11890	?a	0	0	0	0	0
?a  <isAffiliatedTo>  ?f  ?f  <isLocatedIn>  ?b   => ?a  <isCitizenOf>  ?b	0,0004558	0,043134914	0,028860184	0,161149228	1879	65107	11660	?a	0	0	6,80444065133952	1	1
?e  <isCitizenOf>  ?a  ?e  <isCitizenOf>  ?b   => ?a  <dealsWith>  ?b	8,49E-06	0,03968254	0,073221757	0,16509434	35	478	212	?a	0,116666666666667	0,291666666666667	0,29059537200707	1	1
?b  <dealsWith>  ?a   => ?a  <dealsWith>  ?b	2,3287E-05	0,108843537	0,108843537	0,168421053	96	882	570	?a	0	0	0	0	0
?a  <isLeaderOf>  ?b   => ?a  <livesIn>  ?b	0,000109887	0,015142399	0,045896657	0,170943396	453	9870	2650	?a	0	0	0	0	0
?a  <graduatedFrom>  ?b   => ?a  <worksAt>  ?b	0,000118862	0,114086147	0,018645358	0,172961525	490	26280	2833	?a	0	0	0	0	0
?a  <worksAt>  ?b   => ?a  <graduatedFrom>  ?b	0,000118862	0,018645358	0,114086147	0,173083716	490	4295	2831	?a	0	0	0	0	0
?e  <hasAcademicAdvisor>  ?a  ?e  <worksAt>  ?b   => ?a  <worksAt>  ?b	2,3287E-05	0,022351572	0,08428446	0,179104478	96	1139	536	?a	0	0	0,899524266064203	1	1
?a  <graduatedFrom>  ?f  ?f  <isLocatedIn>  ?b   => ?a  <isPoliticianOf>  ?b	6,8164E-05	0,074953321	0,004949797	0,179552716	281	56770	1565	?a	0	0	6,04792483504586	1	1
?a  <diedIn>  ?f  ?b  <hasCapital>  ?f   => ?a  <isCitizenOf>  ?b	0,000299581	0,028351048	0,031351543	0,189649877	1235	39392	6512	?a	0	0	2,38879774412007	1	1
?b  <isKnownFor>  ?a   => ?a  <isKnownFor>  ?b	9,7E-07	0,010126582	0,010126582	0,19047619	4	395	21	?b	0	0	0	0	0
?b  <hasCapital>  ?f  ?a  <wasBornIn>  ?f   => ?a  <isCitizenOf>  ?b	0,000501161	0,047427745	0,020465374	0,193899578	2066	100951	10655	?a	0	0	2,40792386866876	1	1
?a  <owns>  ?f  ?b  <owns>  ?f   => ?a  <dealsWith>  ?b	2,3045E-05	0,107709751	0,008153807	0,200421941	95	11651	474	?a	0,012829169480081	1,97916666666667	1,83054242043006	1	1
?a  <hasAcademicAdvisor>  ?f  ?f  <worksAt>  ?b   => ?a  <worksAt>  ?b	2,7168E-05	0,026076834	0,105263158	0,201077199	112	1064	557	?a	0	0	1,0494449770749	1	1
?a  <isLeaderOf>  ?f  ?f  <isLocatedIn>  ?b   => ?a  <livesIn>  ?b	0,00011959	0,016479476	0,044092657	0,201388889	493	11181	2448	?a	0	0	4,33369109225511	1	1
?f  <isLocatedIn>  ?b  ?a  <wasBornIn>  ?f   => ?a  <isPoliticianOf>  ?b	0,000150882	0,16591091	0,001509643	0,205551884	622	412018	3026	?a	0	0	7,13098645359581	1	1
?a  <created>  ?b   => ?a  <owns>  ?b	9,509E-05	0,01700577	0,001501329	0,216934145	392	261102	1807	?b	0	0	0	0	0
?a  <wasBornIn>  ?b   => ?a  <livesIn>  ?b	0,00046429	0,063979142	0,011847285	0,221322849	1914	161556	8648	?a	0	0	0	0	0
?b  <isConnectedTo>  ?a   => ?a  <isConnectedTo>  ?b	0,001372493	0,19471402	0,19471402	0,223530341	5658	29058	25312	?b	0	0	0	0	0
?e  <influences>  ?a  ?e  <isInterestedIn>  ?b   => ?a  <isInterestedIn>  ?b	1,0188E-05	0,133333333	0,039179104	0,225806452	42	1072	186	?a	0	0	8,92180128610428	1	1
?a  <wasBornIn>  ?b   => ?a  <diedIn>  ?b	0,001185952	0,108593767	0,030261953	0,228063628	4889	161556	21437	?a	0	0	0	0	0
?a  <diedIn>  ?b   => ?a  <wasBornIn>  ?b	0,001185952	0,030261953	0,108593767	0,22814877	4889	45021	21429	?a	0	0	0	0	0
?e  <dealsWith>  ?a  ?e  <dealsWith>  ?b   => ?a  <dealsWith>  ?b	8,8298E-05	0,412698413	0,15255658	0,232439336	364	2386	1566	?a	2,98360655737705	4,66666666666667	0,687830687830688	1	1
?b  <hasCapital>  ?f  ?a  <livesIn>  ?f   => ?a  <isCitizenOf>  ?b	0,000133902	0,012671885	0,063609127	0,232518955	552	8678	2374	?a	0	0	1,27340197502403	1	1
?f  <isLocatedIn>  ?b  ?a  <livesIn>  ?f   => ?a  <isCitizenOf>  ?b	0,000718752	0,068019559	0,055265416	0,232738984	2963	53614	12731	?a	0	0	5,42060542284113	1	1
?a  <livesIn>  ?b   => ?a  <isPoliticianOf>  ?b	2,4985E-05	0,027473993	0,003442974	0,237327189	103	29916	434	?a	0	0	0	0	0
?e  <hasCapital>  ?b  ?a  <isCitizenOf>  ?e   => ?a  <diedIn>  ?b	0,000299581	0,027431643	0,029373989	0,237408689	1235	42044	5202	?a	0	0	0,358561297794389	1	1
?f  <isLocatedIn>  ?b  ?a  <owns>  ?f   => ?a  <hasCapital>  ?b	8,005E-06	0,018111965	0,002795662	0,237410072	33	11804	139	?a	0	0	1,63851395284597	1	1
?e  <isCitizenOf>  ?b  ?e  <livesIn>  ?a   => ?a  <dealsWith>  ?b	1,3342E-05	0,062358277	0,021113244	0,238095238	55	2605	231	?a	0	0	83,4398625299119	1	1
?f  <isLocatedIn>  ?b  ?a  <worksAt>  ?f   => ?a  <isCitizenOf>  ?b	0,000228021	0,021578935	0,125216465	0,243334196	940	7507	3863	?a	0	0	6,57172433864992	1	1
?a  <diedIn>  ?f  ?f  <isLocatedIn>  ?b   => ?a  <isCitizenOf>  ?b	0,000856777	0,081081702	0,029811442	0,251405794	3532	118478	14049	?a	0	0	7,57342966840009	1	1
?a  <livesIn>  ?b   => ?a  <diedIn>  ?b	0,00012711	0,011639013	0,017515711	0,258255298	524	29916	2029	?a	0	0	0	0	0
?e  <isLocatedIn>  ?a  ?e  <isLocatedIn>  ?b   => ?a  <isLocatedIn>  ?b	0,010881942	0,037998723	0,202666378	0,261064393	44860	221349	171835	?a	0,801286058765741	1,03457023592629	0,560617209905357	1	1
?a  <diedIn>  ?f  ?f  <isLocatedIn>  ?b   => ?a  <isPoliticianOf>  ?b	0,00021759	0,239263804	0,007571026	0,268965517	897	118478	3335	?a	0	0	9,51127943018506	1	1
?a  <graduatedFrom>  ?f  ?f  <isLocatedIn>  ?b   => ?a  <isCitizenOf>  ?b	0,001019545	0,096485388	0,074035582	0,271898046	4203	56770	15458	?a	0	0	7,1222263794886	1	1
?a  <livesIn>  ?b   => ?a  <isCitizenOf>  ?b	0,000502617	0,047565483	0,069260596	0,278719397	2072	29916	7434	?a	0	0	0	0	0
?e  <isLeaderOf>  ?a  ?e  <wasBornIn>  ?b   => ?a  <hasCapital>  ?b	9,218E-06	0,020856202	0,014237542	0,279411765	38	2669	136	?a	0	0	4,64618205004738	1	1
?f  <isLocatedIn>  ?b  ?a  <wasBornIn>  ?f   => ?a  <isCitizenOf>  ?b	0,002873793	0,271963454	0,028753598	0,280110654	11847	412018	42294	?a	0	0	8,64684586039388	1	1
?f  <isLocatedIn>  ?b  ?a  <isLocatedIn>  ?f   => ?a  <isLocatedIn>  ?b	0,095068777	0,331971275	0,296567761	0,296567761	391914	1321499	1321499	?a	0	0	4,89776489529309	1	1
?e  <isLocatedIn>  ?b  ?a  <isLocatedIn>  ?e   => ?a  <isLocatedIn>  ?b	0,095068777	0,331971275	0,296567761	0,296567761	391914	1321499	1321499	?a	0	0	4,89776489529309	1	1
?a  <livesIn>  ?b   => ?a  <isLeaderOf>  ?b	0,000109887	0,045896657	0,015142399	0,298812665	453	29916	1516	?a	0	0	0	0	0
?f  <dealsWith>  ?b  ?a  <dealsWith>  ?f   => ?a  <dealsWith>  ?b	0,000147243	0,688208617	0,30153999	0,30153999	607	2013	2013	?a	0	0	1,14701436130008	1	1
?a  <created>  ?b   => ?a  <directed>  ?b	0,002244067	0,233104873	0,035430598	0,301768006	9251	261102	30656	?b	0	0	0	0	0
?f  <isLocatedIn>  ?b  ?a  <livesIn>  ?f   => ?a  <isPoliticianOf>  ?b	6,3797E-05	0,070152041	0,004905435	0,303344867	263	53614	867	?a	0	0	8,51360309566381	1	1
?a  <isKnownFor>  ?f  ?b  <isKnownFor>  ?f   => ?a  <isKnownFor>  ?b	9,7E-07	0,010126582	0,010471204	0,307692308	4	382	13	?b	0,015151515151515	0,5	0,443037974683544	1	1
?a  <created>  ?f  ?b  <created>  ?f   => ?a  <isKnownFor>  ?b	1,455E-06	0,015189873	3,1462E-05	0,315789474	6	190709	19	?b	9,26E-005	0,6	0,470724084840407	1	1
?f  <isLocatedIn>  ?b  ?a  <worksAt>  ?f   => ?a  <livesIn>  ?b	0,000132204	0,018217676	0,072598908	0,319086651	545	7507	1708	?a	0	0	8,35462115466295	1	1
?f  <isKnownFor>  ?b  ?a  <isKnownFor>  ?f   => ?a  <isKnownFor>  ?b	1,941E-06	0,020253165	0,380952381	0,380952381	8	21	21	?b	0	0	0,886075949367088	1	1
?a  <created>  ?f  ?f  <isLocatedIn>  ?b   => ?a  <isCitizenOf>  ?b	0,000163253	0,015449599	0,030068805	0,383039271	673	22382	1757	?a	0	0	5,5314570975616	1	1
?a  <diedIn>  ?b   => ?a  <livesIn>  ?b	0,00012711	0,017515711	0,011639013	0,388724036	524	45021	1348	?a	0	0	0	0	0
?a  <isCitizenOf>  ?b   => ?a  <livesIn>  ?b	0,000502617	0,069260596	0,047565483	0,390574929	2072	43561	5305	?a	0	0	0	0	0
?a  <directed>  ?b   => ?a  <created>  ?b	0,002244067	0,035430598	0,233104873	0,392707051	9251	39686	23557	?b	0	0	0	0	0
?e  <graduatedFrom>  ?b  ?e  <hasAcademicAdvisor>  ?a   => ?a  <worksAt>  ?b	5,8946E-05	0,056577416	0,156976744	0,400990099	243	1548	606	?a	0	0	3,73242723816621	1	1
?e  <diedIn>  ?b  ?e  <isMarriedTo>  ?a   => ?a  <diedIn>  ?b	0,000110614	0,010128607	0,136200717	0,418732782	456	3348	1089	?a	0	0	8,81119796598652	1	1
?a  <actedIn>  ?b  ?a  <created>  ?b   => ?a  <directed>  ?b	0,000109887	0,011414605	0,355294118	0,420612813	453	1275	1077	?b	0	0	0	0	0
?a  <hasChild>  ?f  ?b  <hasChild>  ?f   => ?a  <isMarriedTo>  ?b	0,000777212	0,134859837	0,233391608	0,424990052	3204	13728	7539	?b	0,334446764091858	0,790330537740503	0,613951378757305	1	1
?a  <hasAcademicAdvisor>  ?f  ?f  <worksAt>  ?b   => ?a  <graduatedFrom>  ?b	7,4471E-05	0,011681887	0,288533835	0,430575035	307	1064	713	?a	0	0	1,89958163656799	1	1
?e  <hasCurrency>  ?b  ?e  <isLocatedIn>  ?a   => ?a  <hasCurrency>  ?b	5,094E-06	0,041420118	0,058988764	0,446808511	21	356	47	?a	0	0	13,0393905559529	1	1
?a  <diedIn>  ?f  ?b  <hasCapital>  ?f   => ?a  <isPoliticianOf>  ?b	4,051E-05	0,044545212	0,004239439	0,485465116	167	39392	344	?a	0	0	1,59736251954848	1	1
?e  <hasOfficialLanguage>  ?b  ?e  <isLocatedIn>  ?a   => ?a  <hasOfficialLanguage>  ?b	8,975E-06	0,051893408	0,085450346	0,528571429	37	433	70	?a	0	0	24,3881733423301	1	1
?e  <hasChild>  ?b  ?e  <isMarriedTo>  ?a   => ?a  <hasChild>  ?b	0,001383651	0,380672718	0,539998107	0,539998107	5704	10563	10563	?b	0	0	0,899482493985908	1	1
?f  <hasChild>  ?b  ?a  <isMarriedTo>  ?f   => ?a  <hasChild>  ?b	0,001383651	0,380672718	0,540100369	0,540100369	5704	10561	10561	?b	0	0	0,899651521984029	1	1
?a  <influences>  ?f  ?f  <isCitizenOf>  ?b   => ?a  <isCitizenOf>  ?b	0,000148699	0,014072221	0,15491534	0,544888889	613	3957	1125	?a	0	0	71,3424929937051	1	1
?e  <influences>  ?a  ?e  <isCitizenOf>  ?b   => ?a  <isCitizenOf>  ?b	0,000172471	0,016321939	0,192318096	0,547765794	711	3697	1298	?a	0	0	82,7479812700234	1	1
?f  <hasCurrency>  ?b  ?a  <isLocatedIn>  ?f   => ?a  <hasCurrency>  ?b	8,975E-06	0,072978304	0,000138392	0,560606061	37	267356	66	?a	0	0	22,9741643128695	1	1
?a  <hasAcademicAdvisor>  ?f  ?f  <isCitizenOf>  ?b   => ?a  <isCitizenOf>  ?b	0,000116921	0,011064943	0,35783222	0,646112601	482	1347	746	?a	0	0	115,037612980196	1	1
?a  <isMarriedTo>  ?f  ?f  <livesIn>  ?b   => ?a  <livesIn>  ?b	7,3986E-05	0,010195213	0,181224005	0,664488017	305	1683	459	?a	0	0	16,3223415640239	1	1
?e  <isMarriedTo>  ?a  ?e  <livesIn>  ?b   => ?a  <livesIn>  ?b	7,3986E-05	0,010195213	0,181224005	0,664488017	305	1683	459	?a	0	0	16,3223415640239	1	1
?f  <hasOfficialLanguage>  ?b  ?a  <isLocatedIn>  ?f   => ?a  <hasOfficialLanguage>  ?b	1,7951E-05	0,103786816	0,000304478	0,685185185	74	243039	108	?a	0	0	48,7763466846602	1	1
?a  <created>  ?b   => ?a  <isKnownFor>  ?b	2,911E-06	0,030379747	4,5959E-05	0,705882353	12	261102	17	?b	0	0	0	0	0
?b  <hasCapital>  ?f  ?a  <livesIn>  ?f   => ?a  <isPoliticianOf>  ?b	9,703E-06	0,010669512	0,004609357	0,930232558	40	8678	43	?a	0	0	1,63278100727111	1	1
?e  <holdsPoliticalPosition>  ?a  ?e  <isPoliticianOf>  ?b   => ?a  <isPoliticianOf>  ?b	1,1886E-05	0,013070152	0,30625	0,942307692	49	160	52	?a	0	0	55,6465287191641	1	1
?a  <isAffiliatedTo>  ?b   => ?a  <playsFor>  ?b	0,08400927	0,999991338	0,824862929	0,967279918	346322	419854	358037	?a	0	0	0	0	0
?b  <isMarriedTo>  ?a   => ?a  <isMarriedTo>  ?b	0,005762141	0,999831636	0,999831636	0,999915811	23754	23758	23756	?b	0	0	0	0	0
?a  <playsFor>  ?b   => ?a  <isAffiliatedTo>  ?b	0,08400927	0,824862929	0,999991338	0,999991338	346322	346325	346325	?a	0	0	0	0	0
?a  <holdsPoliticalPosition>  ?f  ?f  <isPoliticianOf>  ?b   => ?a  <isPoliticianOf>  ?b	0,00022414	0,246465724	0,979851538	1	924	943	924	?a	0	0	1049,33454156138	1	1

